pred_nodes,gt_nodes_sparse,matched_nodes,node_recall_sparse_gt,node_precision_sparse_gt,pred_edges,gt_edges_sparse,matched_pred_edges,edge_tp,edge_fp_matched,edge_fn,edge_den_matched,edge_jaccard_matched,edge_jaccard_naive,estimated_number_of_nodes,node_overprediction_factor,edge_jaccard_adjusted_approx,match_distance_median_um,match_distance_p95_um,gt_divisions_direct,pred_divisions_direct,division_tp_direct_approx,division_fp_direct_approx,division_fn_direct_approx,division_jaccard_direct_approx,method,sample_id,embryo_id
25127,52,49,0.9423076923076923,0.0019500935248935407,24383,50,47,47,0,3,50,0.94,0.0019273353563520053,,1.0,0.94,0.9084026158592896,3.3125892811593465,0,27,0,27,0,0.0,deepcenter,44b6_0113de3b,44b6
21835,51,51,1.0,0.0023356995649187087,20568,49,49,49,0,0,49,1.0,0.002382341501361338,,1.0,1.0,1.8168052317185792,3.4108557512974436,0,95,0,95,0,0.0,deepcenter,44b6_0b24845f,44b6
26164,71,71,1.0,0.0027136523467359733,25185,70,70,70,0,0,70,1.0,0.0027794322017073653,,1.0,1.0,1.4647552056572457,2.0714766773970688,0,100,0,100,0,0.0,deepcenter,44b6_0c582fdc,44b6
17400,157,154,0.9808917197452229,0.008850574712643678,16792,151,147,147,0,4,151,0.9735099337748344,0.00875208382948321,,1.0,0.9735099337748344,1.6750116604071745,3.3586132390379904,0,57,0,57,0,0.0,deepcenter,44b6_0db75fae,44b6
43531,788,786,0.9974619289340102,0.01805609795318279,42185,773,750,750,0,23,773,0.9702457956015524,0.017769143290371492,,1.0,0.9702457956015524,1.625,3.6336104634371584,1,174,0,174,1,0.0,deepcenter,44b6_12dfb391,44b6
20983,121,121,1.0,0.005766572939999047,19976,119,117,117,0,2,119,0.9831932773109243,0.005856442086294924,,1.0,0.9831932773109243,1.4647552056572457,2.84375,0,77,0,77,0,0.0,deepcenter,44b6_144b256d,44b6
19802,155,152,0.9806451612903225,0.007675992324007676,19169,153,146,146,0,7,153,0.954248366013072,0.007613683771380893,,1.0,0.954248366013072,1.6750116604071745,3.322725325402304,0,78,0,78,0,0.0,deepcenter,44b6_1574802b,44b6
73539,100,100,1.0,0.0013598226791226424,70749,99,92,92,0,7,99,0.9292929292929293,0.0013002430889253209,,1.0,0.9292929292929293,1.7235727791422095,3.5694003182591465,0,295,0,295,0,0.0,deepcenter,44b6_18ced818,44b6
34724,276,276,1.0,0.007948393042276236,33364,271,253,253,0,18,271,0.933579335793358,0.007578934755257324,,1.0,0.933579335793358,1.699292219774692,4.167767747697308,0,139,0,139,0,0.0,deepcenter,44b6_1d530831,44b6
25715,230,229,0.9956521739130435,0.008905308185883726,24808,221,216,216,0,5,221,0.9773755656108597,0.008705114254624592,,1.0,0.9773755656108597,1.625,3.2752922102462856,0,102,0,102,0,0.0,deepcenter,44b6_24264f12,44b6
21689,280,278,0.9928571428571429,0.012817557287104061,20838,277,246,246,0,31,277,0.8880866425992779,0.011787819253438114,,1.0,0.8880866425992779,1.86167137607581,4.162823748671087,1,85,0,85,1,0.0,deepcenter,44b6_267148e4,44b6
36369,214,214,1.0,0.005884132090516649,34857,210,198,198,0,12,210,0.9428571428571428,0.005678396283231524,,1.0,0.9428571428571428,1.8168052317185792,3.8400697070992713,1,148,0,148,1,0.0,deepcenter,44b6_2a2eff9f,44b6
19385,89,89,1.0,0.004591178746453444,18402,85,71,71,0,14,85,0.8352941176470589,0.003855343179843614,,1.0,0.8352941176470589,2.368824207280903,4.50349303453272,0,80,0,80,0,0.0,deepcenter,44b6_2f31fc2f,44b6
23580,50,50,1.0,0.0021204410517387615,22709,49,49,49,0,0,49,1.0,0.0021577348187943107,,1.0,1.0,0.9084026158592896,2.1354122664227964,0,44,0,44,0,0.0,deepcenter,44b6_33b596bf,44b6
8378,216,216,1.0,0.02578180950107424,8149,209,207,207,0,2,209,0.9904306220095693,0.025395656974604344,,1.0,0.9904306220095693,1.6750116604071745,2.787100681546145,1,26,0,26,1,0.0,deepcenter,44b6_341df25f,44b6
36469,935,929,0.9935828877005347,0.025473689983273467,35433,919,880,880,0,39,919,0.9575625680087051,0.02480829950383401,,1.0,0.9575625680087051,1.625,3.471001521535247,0,75,0,75,0,0.0,deepcenter,44b6_3a861e03,44b6
14226,400,396,0.99,0.027836355967946015,13703,396,378,378,0,18,396,0.9545454545454546,0.027549012462648494,,1.0,0.9545454545454546,1.6750116604071745,4.3232633122895185,0,58,0,58,0,0.0,deepcenter,44b6_3bb3690f,44b6
31275,200,200,1.0,0.006394884092725819,30153,198,193,193,0,5,198,0.9747474747474747,0.006399628622587705,,1.0,0.9747474747474747,1.7235727791422095,4.24618394527705,0,126,0,126,0,0.0,deepcenter,44b6_40c45f5a,44b6
32408,331,331,1.0,0.010213527524068131,31212,322,313,313,0,9,322,0.9720496894409938,0.010025303481630953,,1.0,0.9720496894409938,1.6750116604071745,3.4227837329228574,0,126,0,126,0,0.0,deepcenter,44b6_415c0a3a,44b6
30757,70,70,1.0,0.0022759046721071625,29814,68,67,67,0,1,68,0.9852941176470589,0.0022471910112359553,,1.0,0.9852941176470589,1.5448776028286229,3.65625,0,92,0,92,0,0.0,deepcenter,44b6_53f95252,44b6
28857,228,226,0.9912280701754386,0.007831721939217521,27661,224,209,209,0,15,224,0.9330357142857143,0.007551669316375199,,1.0,0.9330357142857143,1.8168052317185792,4.714770963998788,0,118,0,118,0,0.0,deepcenter,44b6_551a5dba,44b6
11629,173,173,1.0,0.014876601599449651,11168,170,169,169,0,1,170,0.9941176470588236,0.015131166621899901,,1.0,0.9941176470588236,1.4647552056572457,2.837798056807795,0,49,0,49,0,0.0,deepcenter,44b6_5740d24b,44b6
18579,381,378,0.9921259842519685,0.020345551429032778,17997,371,351,351,0,20,371,0.9460916442048517,0.01948160071044014,,1.0,0.9460916442048517,1.625,3.385452886406559,1,34,0,34,1,0.0,deepcenter,44b6_587a1e22,44b6
21212,278,271,0.9748201438848921,0.012775787290213086,20292,273,250,250,0,23,273,0.9157509157509157,0.012306177701206006,,1.0,0.9157509157509157,1.7235727791422095,4.60515355433764,1,88,0,88,1,0.0,deepcenter,44b6_5f15d135,44b6
33721,643,643,1.0,0.019068236410545357,32689,631,612,612,0,19,631,0.9698890649762282,0.018711018711018712,,1.0,0.9698890649762282,1.625,3.0318414283304636,0,81,0,81,0,0.0,deepcenter,44b6_668e0cc7,44b6
17647,200,200,1.0,0.011333371111237037,16796,198,190,190,0,8,198,0.9595959595959596,0.011306831706736492,,1.0,0.9595959595959596,1.925940896043571,3.3781949250091645,0,68,0,68,0,0.0,deepcenter,44b6_66f9292d,44b6
18975,118,111,0.940677966101695,0.005849802371541502,18091,117,101,101,0,16,117,0.8632478632478633,0.005577953277737892,,1.0,0.8632478632478633,2.0714766773970688,3.799732917052724,1,80,0,80,1,0.0,deepcenter,44b6_706092f0,44b6
23127,121,121,1.0,0.005231979936870325,22089,119,101,101,0,18,119,0.8487394957983193,0.004568688650653639,,1.0,0.8487394957983193,2.333728575156074,3.447145558284419,0,98,0,98,0,0.0,deepcenter,44b6_71a4179f,44b6
8161,140,140,1.0,0.01715476044602377,7833,139,133,133,0,6,139,0.9568345323741008,0.0169664498022707,,1.0,0.9568345323741008,1.284675299443404,2.445688461072852,1,34,0,34,1,0.0,deepcenter,44b6_74d0c52e,44b6
41603,516,516,1.0,0.012402951710213207,39917,507,482,482,0,25,507,0.9506903353057199,0.012067497871914275,,1.0,0.9506903353057199,1.625,3.494694639736067,1,170,0,170,1,0.0,deepcenter,44b6_7a302da0,44b6
42335,570,570,1.0,0.013464036848942955,41184,560,555,555,0,5,560,0.9910714285714286,0.013474471339435285,,1.0,0.9910714285714286,1.1490485194281397,2.333728575156074,0,133,0,133,0,0.0,deepcenter,44b6_7e557709,44b6
15148,181,181,1.0,0.01194877211513071,14695,179,179,179,0,0,179,1.0,0.01218101395032324,,1.0,1.0,1.7235727791422095,3.374565944310468,0,52,0,52,0,0.0,deepcenter,44b6_808952d6,44b6
11108,199,199,1.0,0.01791501620453727,10829,197,197,197,0,0,197,1.0,0.018191892141471974,,1.0,1.0,1.7235727791422095,2.3952218774256306,0,23,0,23,0,0.0,deepcenter,44b6_81c256f0,44b6
29537,153,143,0.934640522875817,0.0048413853810475,28217,149,111,111,0,38,149,0.7449664429530202,0.003928508228632101,,1.0,0.7449664429530202,2.0714766773970688,4.942244555867304,0,119,0,119,0,0.0,deepcenter,44b6_87bba6c4,44b6
16548,400,398,0.995,0.024051244863427603,15910,396,386,386,0,10,396,0.9747474747474747,0.024246231155778893,,1.0,0.9747474747474747,1.21875,3.0014129461421724,0,68,0,68,0,0.0,deepcenter,44b6_8cc6506c,44b6
26532,616,611,0.9918831168831169,0.023028795416855118,25603,604,573,573,0,31,604,0.9486754966887417,0.022353124756183194,,1.0,0.9486754966887417,1.6750116604071745,3.72334275215162,0,106,0,106,0,0.0,deepcenter,44b6_8f5ab931,44b6
30438,374,374,1.0,0.012287272488336947,29071,370,363,363,0,7,370,0.981081081081081,0.012483664626177867,,1.0,0.981081081081081,1.21875,3.1041480313566563,0,126,0,126,0,0.0,deepcenter,44b6_8f9ecab4,44b6
23254,105,105,1.0,0.004515352197471403,22394,103,98,98,0,5,103,0.9514563106796117,0.004375195321219698,,1.0,0.9514563106796117,1.4647552056572457,4.905369500945111,0,58,0,58,0,0.0,deepcenter,44b6_90724892,44b6
37481,388,386,0.9948453608247423,0.01029855126597476,35998,378,344,344,0,34,378,0.91005291005291,0.009547069271758437,,1.0,0.91005291005291,1.6750116604071745,3.917733121653388,0,150,0,150,0,0.0,deepcenter,44b6_949adeb1,44b6
4630,200,200,1.0,0.04319654427645788,4525,198,198,198,0,0,198,1.0,0.043756906077348064,,1.0,1.0,1.284675299443404,2.0714766773970688,0,3,0,3,0,0.0,deepcenter,44b6_95029e92,44b6
33419,225,223,0.9911111111111112,0.006672850773512074,32331,221,211,211,0,10,221,0.9547511312217195,0.006524226214402771,,1.0,0.9547511312217195,1.7235727791422095,3.6471079282378027,0,94,0,94,0,0.0,deepcenter,44b6_97725144,44b6
8750,380,380,1.0,0.04342857142857143,8456,377,374,374,0,3,377,0.9920424403183024,0.044213263979193757,,1.0,0.9920424403183024,0.9084026158592896,2.333728575156074,1,35,0,35,1,0.0,deepcenter,44b6_996155de,44b6
19409,222,222,1.0,0.011437992683806481,18536,220,212,212,0,8,220,0.9636363636363636,0.011432269197584125,,1.0,0.9636363636363636,1.625,2.631224324364638,1,81,0,81,1,0.0,deepcenter,44b6_9be80b04,44b6
29262,264,263,0.9962121212121212,0.00898776570295947,28030,259,245,245,0,14,259,0.9459459459459459,0.008736271573242048,,1.0,0.9459459459459459,1.8168052317185792,3.7166334769364564,0,117,0,117,0,0.0,deepcenter,44b6_9bfa6a0a,44b6
21628,296,295,0.9966216216216216,0.01363972628074718,20913,286,274,274,0,12,286,0.958041958041958,0.013094384707287934,,1.0,0.958041958041958,1.284675299443404,2.6107287276384246,2,48,1,47,1,0.02040816326530612,deepcenter,44b6_a21120c2,44b6
45815,416,413,0.9927884615384616,0.009014514896867838,43787,410,376,371,5,39,415,0.8939759036144578,0.008465294573997171,,1.0,0.8939759036144578,1.6750116604071745,4.241374519244911,0,189,0,189,0,0.0,deepcenter,44b6_a2bb48bb,44b6
13258,209,209,1.0,0.01576406697842812,12695,206,202,201,1,5,207,0.9710144927536232,0.015826771653543306,,1.0,0.9710144927536232,1.6750116604071745,3.446643161565827,1,55,0,55,1,0.0,deepcenter,44b6_aaf8b0ea,44b6
27196,96,96,1.0,0.003529930872187086,26362,94,94,94,0,0,94,1.0,0.003565738563083226,,1.0,1.0,0.8604513079296447,1.8938061360596905,0,109,0,109,0,0.0,deepcenter,44b6_abf82518,44b6
33694,170,170,1.0,0.005045408678102927,32436,168,165,165,0,3,168,0.9821428571428571,0.00508646998982706,,1.0,0.9821428571428571,1.6750116604071745,4.162823748671087,0,130,0,130,0,0.0,deepcenter,44b6_b2c44266,44b6
19643,104,104,1.0,0.005294506949040371,18867,102,95,93,2,9,104,0.8942307692307693,0.004926891290527654,,1.0,0.8942307692307693,1.284675299443404,2.9041033293607414,0,36,0,36,0,0.0,deepcenter,44b6_c15fded2,44b6
36995,333,332,0.996996996996997,0.008974185700770375,35452,325,304,303,1,22,326,0.9294478527607362,0.008541466989908101,,1.0,0.9294478527607362,1.6750116604071745,4.151895032038765,2,152,0,152,2,0.0,deepcenter,44b6_c50204e0,44b6
26483,227,227,1.0,0.008571536457349998,25310,223,208,208,0,15,223,0.9327354260089686,0.008213228035538006,,1.0,0.9327354260089686,1.8168052317185792,4.170705827781418,0,111,0,111,0,0.0,deepcenter,44b6_c771cb04,44b6
27444,168,167,0.9940476190476191,0.006085118787348783,26609,164,154,153,1,11,165,0.9272727272727272,0.0057475582268970695,,1.0,0.9272727272727272,1.21875,2.5622251384000605,1,51,0,51,1,0.0,deepcenter,44b6_c8e2a523,44b6
35459,629,628,0.9984101748807631,0.01771059533545785,34166,616,600,600,0,16,616,0.974025974025974,0.0175530981218185,,1.0,0.974025974025974,1.4647552056572457,3.5648292823780494,0,142,0,142,0,0.0,deepcenter,44b6_c96cfa10,44b6
19517,76,76,1.0,0.0038940410923810013,18574,75,71,71,0,4,75,0.9466666666666667,0.0038217246205188935,,1.0,0.9466666666666667,1.7235727791422095,3.350023320814349,0,63,0,63,0,0.0,deepcenter,44b6_cf2536e8,44b6
42833,191,191,1.0,0.004459178670651134,41509,188,179,179,0,9,188,0.9521276595744681,0.004311383014596079,,1.0,0.9521276595744681,1.4647552056572457,3.0536084330412847,0,103,0,103,0,0.0,deepcenter,44b6_cf8fed6b,44b6
36281,1353,1344,0.9933481152993349,0.037044182905653096,35404,1328,1279,1275,4,53,1332,0.9572072072072072,0.03595904898891615,,1.0,0.9572072072072072,1.21875,2.632800908728193,0,54,0,54,0,0.0,deepcenter,44b6_d29c9ab2,44b6
14239,283,282,0.9964664310954063,0.019804761570334995,13639,281,272,272,0,9,281,0.9679715302491103,0.01992966002344666,,1.0,0.9679715302491103,1.625,3.5648292823780494,2,59,0,59,2,0.0,deepcenter,44b6_d2f34f90,44b6
43313,906,898,0.9911699779249448,0.020732805393299934,41766,893,839,839,0,54,893,0.9395296752519597,0.020062171209947393,,1.0,0.9395296752519597,1.6750116604071745,4.327039186829451,2,174,0,174,2,0.0,deepcenter,44b6_d5e7d891,44b6
5409,72,71,0.9861111111111112,0.013126271029765206,5191,70,66,66,0,4,70,0.9428571428571428,0.012704523580365737,,1.0,0.9428571428571428,1.7235727791422095,3.5297619610570585,1,12,0,12,1,0.0,deepcenter,44b6_d754aa59,44b6
22379,463,458,0.9892008639308856,0.020465615085571296,21575,451,427,427,0,24,451,0.9467849223946785,0.01976943377008195,,1.0,0.9467849223946785,1.625,4.913763496136971,0,86,0,86,0,0.0,deepcenter,44b6_d78e09d9,44b6
15470,165,162,0.9818181818181818,0.010471881060116353,14903,162,156,156,0,6,162,0.9629629629629629,0.010463478435844121,,1.0,0.9629629629629629,1.6750116604071745,4.579294035497248,0,58,0,58,0,0.0,deepcenter,44b6_db3c847b,44b6
36486,659,657,0.9969650986342944,0.018006906758756783,35192,647,614,614,0,33,647,0.9489953632148377,0.01743080198722498,,1.0,0.9489953632148377,1.6750116604071745,4.066552394216071,0,148,0,148,0,0.0,deepcenter,44b6_ddf577ad,44b6
15727,126,126,1.0,0.008011699624848986,15240,124,120,120,0,4,124,0.967741935483871,0.007871949619522435,,1.0,0.967741935483871,1.1838992597140698,2.6249179869104187,1,62,0,62,1,0.0,deepcenter,44b6_deabac95,44b6
18352,311,306,0.9839228295819936,0.016673931996512643,17478,309,296,293,3,16,312,0.9391025641025641,0.016748599519835372,,1.0,0.9391025641025641,1.1490485194281397,2.593289565814523,2,63,0,63,2,0.0,deepcenter,44b6_e28840c6,44b6
13882,51,50,0.9803921568627451,0.003601786486097104,13275,50,44,44,0,6,50,0.88,0.003313003538890144,,1.0,0.88,1.6750116604071745,3.8443639197857147,0,37,0,37,0,0.0,deepcenter,44b6_e29f0176,44b6
65181,116,116,1.0,0.0017796597167886348,62886,113,108,108,0,5,113,0.9557522123893806,0.0017172568412014437,,1.0,0.9557522123893806,1.6500058302035874,3.447145558284419,0,259,0,259,0,0.0,deepcenter,44b6_e31261b4,44b6
18605,270,270,1.0,0.014512227895726955,17699,266,260,260,0,6,266,0.9774436090225563,0.014685117198531489,,1.0,0.9774436090225563,1.6750116604071745,3.374565944310468,0,75,0,75,0,0.0,deepcenter,44b6_e35b117d,44b6
17322,193,187,0.9689119170984456,0.010795520147788938,16405,186,155,155,0,31,186,0.8333333333333334,0.009430518374300317,,1.0,0.8333333333333334,2.03125,4.531148033640219,0,63,0,63,0,0.0,deepcenter,44b6_e57ff5c6,44b6
35982,390,390,1.0,0.010838752709688178,34674,379,367,367,0,12,379,0.9683377308707124,0.01058063772127083,,1.0,0.9683377308707124,1.6750116604071745,3.1729139308370784,1,136,0,136,1,0.0,deepcenter,44b6_eb2880fc,44b6
21694,63,55,0.873015873015873,0.002535263206416521,20931,61,48,48,0,13,61,0.7868852459016393,0.002291825821237586,,1.0,0.7868852459016393,2.03125,4.039997463923051,0,45,0,45,0,0.0,deepcenter,44b6_f28707c6,44b6
6168,861,861,1.0,0.13959143968871596,5968,845,838,838,0,7,845,0.991715976331361,0.1402510460251046,,1.0,0.991715976331361,1.86167137607581,3.72334275215162,0,21,0,21,0,0.0,deepcenter,6bba_05b6850b,6bba
68802,1229,1226,0.9975589910496339,0.017819249440423242,66864,1183,1104,1103,1,80,1184,0.9315878378378378,0.01647645793499044,,1.0,0.9315878378378378,1.6750116604071745,3.832554834897995,3,248,0,248,3,0.0,deepcenter,6bba_05db0fb1,6bba
5774,930,927,0.9967741935483871,0.16054728091444406,5542,898,890,890,0,8,898,0.9910913140311804,0.16036036036036036,,1.0,0.9910913140311804,1.6750116604071745,3.2752922102462856,1,6,0,6,1,0.0,deepcenter,6bba_062c8d37,6bba
4669,613,610,0.9951060358890701,0.13064896123366887,4504,602,588,588,0,14,602,0.9767441860465116,0.1301460823373174,,1.0,0.9767441860465116,1.7235727791422095,3.471001521535247,0,18,0,18,0,0.0,deepcenter,6bba_07477033,6bba
25311,359,349,0.9721448467966574,0.013788471415590059,24382,345,318,318,0,27,345,0.9217391304347826,0.013027981482240157,,1.0,0.9217391304347826,1.8168052317185792,4.046167927199394,2,77,0,77,2,0.0,deepcenter,6bba_07e24132,6bba
8385,1198,1196,0.998330550918197,0.14263565891472868,8109,1168,1161,1161,0,7,1168,0.9940068493150684,0.14305076392311483,,1.0,0.9940068493150684,1.7235727791422095,3.374565944310468,1,7,0,7,1,0.0,deepcenter,6bba_085bf656,6bba
29176,1950,1942,0.9958974358974358,0.06656155744447491,28420,1871,1787,1787,0,84,1871,0.9551042223409941,0.06269295537468425,,1.0,0.9551042223409941,1.625,4.0827619710803615,4,110,0,110,4,0.0,deepcenter,6bba_09961292,6bba
12870,704,669,0.9502840909090909,0.05198135198135198,12172,659,559,558,1,101,660,0.8454545454545455,0.04546565631874847,,1.0,0.8454545454545455,1.8168052317185792,4.142664635297728,0,13,0,13,0,0.0,deepcenter,6bba_0c7fa718,6bba
23380,209,209,1.0,0.008939264328485885,22233,198,178,177,1,21,199,0.8894472361809045,0.00795362631437045,,1.0,0.8894472361809045,1.86167137607581,4.309599268093428,1,73,0,73,1,0.0,deepcenter,6bba_0e7c0d07,6bba
8011,1036,1015,0.9797297297297297,0.12670078641867433,7658,998,950,948,2,50,1000,0.948,0.12298910223144785,,1.0,0.948,1.6750116604071745,3.494694639736067,3,7,0,7,3,0.0,deepcenter,6bba_12665c0e,6bba
5509,737,733,0.994572591587517,0.13305500090760575,5288,704,688,688,0,16,704,0.9772727272727273,0.1297134238310709,,1.0,0.9772727272727273,1.6750116604071745,3.4035977899000467,0,2,0,2,0,0.0,deepcenter,6bba_13f19531,6bba
6419,758,756,0.9973614775725593,0.11777535441657579,6118,729,706,705,1,24,730,0.9657534246575342,0.11478345815695214,,1.0,0.9657534246575342,1.86167137607581,3.9907330785166204,0,16,0,16,0,0.0,deepcenter,6bba_15403b9a,6bba
17894,1438,1415,0.9840055632823366,0.07907678551469767,17170,1365,1258,1248,10,117,1375,0.9076363636363637,0.07219297738184763,,1.0,0.9076363636363637,1.7235727791422095,4.5420130792964475,1,48,0,48,1,0.0,deepcenter,6bba_1d0d8384,6bba
11821,745,741,0.9946308724832215,0.06268505202605533,11331,719,682,682,0,37,719,0.9485396383866481,0.05999296270232231,,1.0,0.9485396383866481,1.86167137607581,4.182599744775969,0,40,0,40,0,0.0,deepcenter,6bba_1ebfb80d,6bba
31878,317,316,0.9968454258675079,0.009912792521488174,30591,299,261,261,0,38,299,0.8729096989966555,0.008521335988768813,,1.0,0.8729096989966555,1.86167137607581,4.351433997249957,0,93,0,93,0,0.0,deepcenter,6bba_1f58c2f6,6bba
20646,475,454,0.9557894736842105,0.02198973166715102,19705,450,366,363,3,87,453,0.8013245033112583,0.01834074373484236,,1.0,0.8013245033112583,2.1295999401477306,5.23008748789422,1,82,0,82,1,0.0,deepcenter,6bba_207c6aaf,6bba
9842,952,921,0.967436974789916,0.093578540946962,9454,909,853,849,4,60,913,0.9299014238773274,0.08923691402144208,,1.0,0.9299014238773274,1.6750116604071745,4.1429533547941375,3,9,0,9,3,0.0,deepcenter,6bba_20852818,6bba
12475,1156,1156,1.0,0.09266533066132264,12135,1132,1124,1124,0,8,1132,0.9929328621908127,0.09256361689862472,,1.0,0.9929328621908127,1.7235727791422095,3.374565944310468,2,30,0,30,2,0.0,deepcenter,6bba_2312ac41,6bba
4350,513,513,1.0,0.11793103448275861,4202,499,497,497,0,2,499,0.9959919839679359,0.11822074215033301,,1.0,0.9959919839679359,1.625,3.374565944310468,0,11,0,11,0,0.0,deepcenter,6bba_23af9eeb,6bba
3401,529,529,1.0,0.1555424875036754,3337,523,523,523,0,0,523,1.0,0.15672759964039557,,1.0,1.0,1.7235727791422095,3.374565944310468,0,1,0,1,0,0.0,deepcenter,6bba_2540cd90,6bba
5259,738,730,0.989159891598916,0.13880965963110858,5082,721,695,695,0,26,721,0.9639389736477115,0.1360610806577917,,1.0,0.9639389736477115,1.7235727791422095,3.72334275215162,0,16,0,16,0,0.0,deepcenter,6bba_2646afc7,6bba
4966,641,615,0.9594383775351014,0.12384212645992751,4637,609,562,560,2,49,611,0.9165302782324058,0.1195049082373026,,1.0,0.9165302782324058,1.7235727791422095,4.525258448551438,1,16,0,16,1,0.0,deepcenter,6bba_268e1230,6bba
4992,986,975,0.9888438133874239,0.1953125,4767,949,904,903,1,46,950,0.9505263157894737,0.1876168709744442,,1.0,0.9505263157894737,1.86167137607581,3.6787502123683256,1,14,0,14,1,0.0,deepcenter,6bba_2819ca14,6bba
21603,1342,1330,0.9910581222056631,0.06156552330694811,20738,1288,1252,1251,1,37,1289,0.9705197827773467,0.06021660649819494,,1.0,0.9705197827773467,1.6750116604071745,3.494694639736067,0,44,0,44,0,0.0,deepcenter,6bba_283bf9f1,6bba
9300,520,514,0.9884615384615385,0.055268817204301074,8840,500,487,486,1,14,501,0.9700598802395209,0.0548904449966117,,1.0,0.9700598802395209,1.7235727791422095,3.7325818302537046,0,13,0,13,0,0.0,deepcenter,6bba_312f0dc3,6bba
46384,862,827,0.9593967517401392,0.01782942393928941,44505,811,687,686,1,125,812,0.8448275862068966,0.015370826798117857,,1.0,0.8448275862068966,1.86167137607581,5.248090501227981,1,145,0,145,1,0.0,deepcenter,6bba_32db13fc,6bba
28590,1272,1271,0.9992138364779874,0.044456103532703746,27596,1213,1182,1179,3,34,1216,0.9695723684210527,0.04267100977198697,,1.0,0.9695723684210527,1.21875,2.4375,2,26,0,26,2,0.0,deepcenter,6bba_337b1b3a,6bba
6683,1036,1036,1.0,0.15502020050875356,6519,1007,1006,1006,0,1,1007,0.9990069513406157,0.15429447852760736,,1.0,0.9990069513406157,1.6750116604071745,3.3127987816161064,0,15,0,15,0,0.0,deepcenter,6bba_372c8cb8,6bba
6908,1173,1148,0.9786871270247229,0.16618413433700058,6686,1142,1080,1080,0,62,1142,0.9457092819614711,0.16004742145820983,,1.0,0.9457092819614711,1.86167137607581,5.025034981221523,0,28,0,28,0,0.0,deepcenter,6bba_3a1849c2,6bba
57079,997,985,0.9879638916750251,0.017256784456630283,54895,935,849,847,2,88,937,0.9039487726787621,0.015404761471727625,,1.0,0.9039487726787621,1.86167137607581,4.7688924081989565,1,228,0,228,1,0.0,deepcenter,6bba_3abfe10a,6bba
6370,765,762,0.996078431372549,0.11962323390894819,6205,746,738,738,0,8,746,0.9892761394101877,0.11878319652341864,,1.0,0.9892761394101877,1.7235727791422095,3.374565944310468,2,18,0,18,2,0.0,deepcenter,6bba_3c5691b6,6bba
24483,502,488,0.9721115537848606,0.019932197851570476,23338,474,419,419,0,55,474,0.8839662447257384,0.01791134099944428,,1.0,0.8839662447257384,1.9902104160113323,4.930517060684225,1,91,0,91,1,0.0,deepcenter,6bba_3db54e20,6bba
8994,1207,1206,0.9991714995857498,0.13408939292861907,8699,1179,1167,1166,1,13,1180,0.988135593220339,0.13383838383838384,,1.0,0.988135593220339,1.4647552056572457,3.300390601883359,1,19,0,19,1,0.0,deepcenter,6bba_3fda6b25,6bba
5778,910,910,1.0,0.1574939425406715,5515,880,866,862,4,18,884,0.9751131221719457,0.15579251762154347,,1.0,0.9751131221719457,1.7235727791422095,3.494694639736067,0,18,0,18,0,0.0,deepcenter,6bba_43fea39d,6bba
25258,292,288,0.9863013698630136,0.011402327975294956,24281,286,261,260,1,26,287,0.9059233449477352,0.010696507179001934,,1.0,0.9059233449477352,1.86167137607581,5.163254256392489,1,103,0,103,1,0.0,deepcenter,6bba_474be664,6bba
25268,935,927,0.9914438502673797,0.036686718378977363,24505,918,879,879,0,39,918,0.9575163398692811,0.0358132333767927,,1.0,0.9575163398692811,1.7235727791422095,3.494694639736067,5,67,0,67,5,0.0,deepcenter,6bba_48816121,6bba
7530,707,697,0.9858557284299858,0.09256308100929615,7239,681,654,653,1,28,682,0.9574780058651027,0.08985826338241365,,1.0,0.9574780058651027,1.8168052317185792,4.958913218891817,0,21,0,21,0,0.0,deepcenter,6bba_4aa14c89,6bba
5280,1057,1045,0.988647114474929,0.19791666666666666,5030,1010,982,982,0,28,1010,0.9722772277227723,0.19414788453934362,,1.0,0.9722772277227723,1.7235727791422095,3.5648292823780494,2,10,0,10,2,0.0,deepcenter,6bba_4f99ce20,6bba
21010,706,695,0.9844192634560907,0.03307948595906711,20335,689,651,651,0,38,689,0.9448476052249637,0.031954056839935206,,1.0,0.9448476052249637,1.8168052317185792,4.201336260322203,3,84,0,84,3,0.0,deepcenter,6bba_4ffd3da3,6bba
4709,705,701,0.9943262411347518,0.14886387768103632,4572,688,679,679,0,9,688,0.9869186046511628,0.1482209124645274,,1.0,0.9869186046511628,1.6750116604071745,2.9575446425202108,1,4,0,4,1,0.0,deepcenter,6bba_55b7eebe,6bba
40560,490,488,0.9959183673469387,0.012031558185404339,39149,467,413,412,1,55,468,0.8803418803418803,0.010509131721252934,,1.0,0.8803418803418803,2.0714766773970688,5.3895152843275245,0,161,0,161,0,0.0,deepcenter,6bba_55c70843,6bba
82718,1659,1618,0.9752863170584689,0.01956043424647598,79460,1592,1367,1367,0,225,1592,0.8586683417085427,0.01715504800150593,,1.0,0.8586683417085427,2.2980970388562794,5.662771576965137,3,334,0,334,3,0.0,deepcenter,6bba_57b7cc1e,6bba
5319,747,739,0.9892904953145917,0.13893589020492575,5029,722,692,691,1,31,723,0.9557399723374828,0.13656126482213438,,1.0,0.9557399723374828,1.8168052317185792,3.6585000212368333,0,5,0,5,0,0.0,deepcenter,6bba_5a4d9360,6bba
5953,737,732,0.9932157394843962,0.1229632118259701,5765,724,711,711,0,13,724,0.9820441988950276,0.12305295950155763,,1.0,0.9820441988950276,1.6750116604071745,3.494694639736067,0,6,0,6,0,0.0,deepcenter,6bba_5b28472a,6bba
8086,1174,1173,0.9991482112436116,0.1450655453870888,7823,1145,1139,1139,0,6,1145,0.994759825327511,0.1454847362370673,,1.0,0.994759825327511,1.8168052317185792,3.642666278062292,3,15,0,15,3,0.0,deepcenter,6bba_5c039895,6bba
25435,1170,1162,0.9931623931623932,0.045685079614704145,24465,1130,1100,1100,0,30,1130,0.9734513274336283,0.04490712390283731,,1.0,0.9734513274336283,1.7235727791422095,3.494694639736067,1,70,0,70,1,0.0,deepcenter,6bba_5c824876,6bba
30670,1542,1535,0.9954604409857328,0.05004890772742093,29608,1487,1461,1461,0,26,1487,0.9825151311365165,0.04930147803199028,,1.0,0.9825151311365165,1.6750116604071745,3.040096626753827,0,77,0,77,0,0.0,deepcenter,6bba_5dfe9ad1,6bba
4349,904,904,1.0,0.2078638767532766,4253,885,885,885,0,0,885,1.0,0.20808840818245944,,1.0,1.0,1.7235727791422095,3.374565944310468,0,5,0,5,0,0.0,deepcenter,6bba_5f89039d,6bba
9886,558,557,0.9982078853046595,0.056342302245599836,9575,543,529,529,0,14,543,0.9742173112338858,0.05516737928876838,,1.0,0.9742173112338858,1.6750116604071745,3.494694639736067,0,19,0,19,0,0.0,deepcenter,6bba_61dd1e0d,6bba
5494,640,636,0.99375,0.11576265016381507,5178,614,598,597,1,17,615,0.9707317073170731,0.11491819056785371,,1.0,0.9707317073170731,1.7235727791422095,3.5648292823780494,1,8,0,8,1,0.0,deepcenter,6bba_61ecbe65,6bba
4815,827,815,0.9854897218863361,0.16926272066458983,4629,798,772,772,0,26,798,0.9674185463659147,0.16584317937701396,,1.0,0.9674185463659147,1.6750116604071745,3.494694639736067,1,10,0,10,1,0.0,deepcenter,6bba_6321a359,6bba
28997,617,607,0.9837925445705025,0.02093319998620547,27682,580,500,499,1,81,581,0.8588640275387264,0.017973561934949395,,1.0,0.8588640275387264,1.86167137607581,4.958913218891817,0,97,0,97,0,0.0,deepcenter,6bba_6479435d,6bba
15796,462,452,0.9783549783549783,0.028614839199797418,15027,438,378,377,1,61,439,0.8587699316628702,0.024986744432661717,,1.0,0.8587699316628702,2.1877232028983924,5.671499255683327,1,58,0,58,1,0.0,deepcenter,6bba_67ebd073,6bba
6514,1081,1081,1.0,0.16595026097635862,6251,1052,1026,1026,0,26,1052,0.9752851711026616,0.16345387924167595,,1.0,0.9752851711026616,1.8168052317185792,3.494694639736067,1,22,0,22,1,0.0,deepcenter,6bba_6ca87370,6bba
25798,449,443,0.9866369710467706,0.01717187378866579,24883,440,418,418,0,22,440,0.95,0.016783778357759484,,1.0,0.95,1.8168052317185792,3.65625,0,86,0,86,0,0.0,deepcenter,6bba_6db0e9b4,6bba
11237,1368,1295,0.9466374269005848,0.1152442822817478,10708,1343,1211,1211,0,132,1343,0.9017125837676843,0.11171586715867159,,1.0,0.9017125837676843,2.2980970388562794,5.816614806956019,0,44,0,44,0,0.0,deepcenter,6bba_6feb10f0,6bba
7101,1389,1388,0.9992800575953924,0.1954654274045909,6850,1343,1329,1328,1,15,1344,0.9880952380952381,0.1934450109249818,,1.0,0.9880952380952381,1.6750116604071745,3.3326518691884957,0,18,0,18,0,0.0,deepcenter,6bba_6feeb0b1,6bba
6878,596,594,0.9966442953020134,0.08636231462634487,6532,562,535,534,1,28,563,0.9484902309058615,0.08140243902439025,,1.0,0.9484902309058615,1.9902104160113323,5.030773209333316,1,29,0,29,1,0.0,deepcenter,6bba_705ec2c9,6bba
4156,661,661,1.0,0.15904716073147257,4075,652,652,652,0,0,652,1.0,0.16,,1.0,1.0,1.7235727791422095,3.300390601883359,0,5,0,5,0,0.0,deepcenter,6bba_718b21f9,6bba
26962,586,584,0.9965870307167235,0.021660114234849048,26003,576,556,554,2,22,578,0.9584775086505191,0.021287223823246878,,1.0,0.9584775086505191,1.7235727791422095,3.494694639736067,2,109,0,109,2,0.0,deepcenter,6bba_74686d6a,6bba
51972,718,704,0.9805013927576601,0.013545755406757485,49417,658,584,580,4,78,662,0.8761329305135952,0.011718355389433275,,1.0,0.8761329305135952,1.86167137607581,4.89189779763437,0,189,0,189,0,0.0,deepcenter,6bba_767a1e17,6bba
4616,617,615,0.9967585089141004,0.13323223570190643,4508,604,602,602,0,2,604,0.9966887417218543,0.13348115299334812,,1.0,0.9966887417218543,1.7235727791422095,3.2828217277374065,0,3,0,3,0,0.0,deepcenter,6bba_76db78c1,6bba
12883,1788,1788,1.0,0.1387875494838159,12558,1739,1732,1732,0,7,1739,0.9959746981023577,0.1378432152805412,,1.0,0.9959746981023577,1.6750116604071745,3.350023320814349,1,17,0,17,1,0.0,deepcenter,6bba_784a78c9,6bba
63691,1465,1452,0.9911262798634812,0.022797569515316137,61248,1395,1199,1199,0,196,1395,0.8594982078853046,0.01951370353492611,,1.0,0.8594982078853046,1.9902104160113323,5.371023593781538,3,257,1,256,2,0.003861003861003861,deepcenter,6bba_786893ac,6bba
10575,713,713,1.0,0.06742316784869977,10072,681,660,657,3,24,684,0.9605263157894737,0.06507527733755943,,1.0,0.9605263157894737,1.8168052317185792,3.65625,0,18,0,18,0,0.0,deepcenter,6bba_789f8168,6bba
42184,886,872,0.9841986455981941,0.020671344585624883,40406,832,745,745,0,87,832,0.8954326923076923,0.018398241671399994,,1.0,0.8954326923076923,2.0714766773970688,5.063420514773853,2,169,0,169,2,0.0,deepcenter,6bba_78a7bd97,6bba
10593,1131,1119,0.9893899204244032,0.10563579722458227,10246,1092,1038,1038,0,54,1092,0.9505494505494505,0.10077669902912621,,1.0,0.9505494505494505,1.7235727791422095,4.908737426772795,2,42,0,42,2,0.0,deepcenter,6bba_7af54fde,6bba
5286,565,565,1.0,0.10688611426409383,5134,555,554,554,0,1,555,0.9981981981981982,0.10788704965920155,,1.0,0.9981981981981982,1.7235727791422095,3.471001521535247,0,6,0,6,0,0.0,deepcenter,6bba_7b5d3b2c,6bba
7402,1200,1195,0.9958333333333333,0.1614428532828965,7199,1173,1149,1148,1,25,1174,0.9778534923339012,0.15891472868217055,,1.0,0.9778534923339012,1.4647552056572457,3.2752922102462856,2,10,0,10,2,0.0,deepcenter,6bba_7d3058ae,6bba
9543,1000,957,0.957,0.10028292989625903,9011,934,820,812,8,122,942,0.861995753715499,0.08890835431950071,,1.0,0.861995753715499,1.86167137607581,4.834161178287319,3,10,0,10,3,0.0,deepcenter,6bba_7f87b3d8,6bba
8373,680,670,0.9852941176470589,0.080019109040965,7969,654,624,624,0,30,654,0.9541284403669725,0.07800975121890236,,1.0,0.9541284403669725,1.7235727791422095,4.003107774309366,1,8,0,8,1,0.0,deepcenter,6bba_80d12824,6bba
7084,968,964,0.9958677685950413,0.13608130999435347,6802,930,896,896,0,34,930,0.9634408602150538,0.13107080163838503,,1.0,0.9634408602150538,1.7235727791422095,3.850805238815378,0,27,0,27,0,0.0,deepcenter,6bba_825bd1c6,6bba
13846,724,719,0.9930939226519337,0.05192835475949733,13268,699,658,657,1,42,700,0.9385714285714286,0.04936138241923366,,1.0,0.9385714285714286,1.6750116604071745,3.471001521535247,1,12,0,12,1,0.0,deepcenter,6bba_87289e13,6bba
5635,741,741,1.0,0.13149955634427685,5463,725,720,720,0,5,725,0.993103448275862,0.13167520117044623,,1.0,0.993103448275862,1.4647552056572457,2.6012692214570947,2,11,1,10,1,0.08333333333333333,deepcenter,6bba_8b7818bf,6bba
6927,945,940,0.9947089947089947,0.1357008806120976,6667,921,914,914,0,7,921,0.992399565689468,0.1369493557087204,,1.0,0.992399565689468,1.8168052317185792,3.5648292823780494,1,11,0,11,1,0.0,deepcenter,6bba_907271db,6bba
11534,1188,1187,0.9991582491582491,0.1029131264088781,11119,1148,1130,1128,2,20,1150,0.9808695652173913,0.10126582278481013,,1.0,0.9808695652173913,1.8168052317185792,3.494694639736067,0,15,0,15,0,0.0,deepcenter,6bba_91951b3a,6bba
4689,758,752,0.9920844327176781,0.16037534655576882,4504,721,712,712,0,9,721,0.9875173370319001,0.15776645247064036,,1.0,0.9875173370319001,1.7235727791422095,3.65625,0,7,0,7,0,0.0,deepcenter,6bba_96833384,6bba
15999,679,672,0.9896907216494846,0.04200262516407276,15431,658,641,640,1,18,659,0.9711684370257967,0.041426629555311026,,1.0,0.9711684370257967,1.6750116604071745,3.494694639736067,3,57,0,57,3,0.0,deepcenter,6bba_969618f6,6bba
4907,792,775,0.9785353535353535,0.15793764010597106,4679,767,737,737,0,30,767,0.9608865710560626,0.15650881291144617,,1.0,0.9608865710560626,1.6750116604071745,3.2752922102462856,0,5,0,5,0,0.0,deepcenter,6bba_971fa5e0,6bba
18375,1401,1369,0.9771591720199857,0.07450340136054422,17840,1353,1264,1260,4,93,1357,0.9285187914517318,0.07026152902470306,,1.0,0.9285187914517318,1.7235727791422095,3.9804208320226646,2,73,0,73,2,0.0,deepcenter,6bba_9a41d029,6bba
7688,914,906,0.9912472647702407,0.11784599375650365,7391,891,857,856,1,35,892,0.9596412556053812,0.11527067061675195,,1.0,0.9596412556053812,1.7235727791422095,3.6164151681723813,1,19,0,19,1,0.0,deepcenter,6bba_9e23430b,6bba
7897,741,726,0.979757085020243,0.09193364568823605,7474,698,660,656,4,42,702,0.9344729344729344,0.08728046833422033,,1.0,0.9344729344729344,1.7235727791422095,3.72334275215162,0,14,0,14,0,0.0,deepcenter,6bba_a5e926bb,6bba
31582,1147,1123,0.979075850043592,0.035558229371160786,30446,1112,972,969,3,143,1115,0.8690582959641255,0.03167805420249109,,1.0,0.8690582959641255,2.0714766773970688,5.658407737606049,0,128,0,128,0,0.0,deepcenter,6bba_a90a0b9c,6bba
13738,1179,1145,0.9711620016963528,0.08334546513320716,13129,1138,1045,1045,0,93,1138,0.9182776801405975,0.07903494176372712,,1.0,0.9182776801405975,2.0714766773970688,5.501621442856161,2,43,0,43,2,0.0,deepcenter,6bba_ab78413d,6bba
19672,356,353,0.9915730337078652,0.017944286295241967,18857,330,303,300,3,30,333,0.9009009009009009,0.01588394133531,,1.0,0.9009009009009009,1.8168052317185792,4.162823748671087,0,33,0,33,0,0.0,deepcenter,6bba_acd782a8,6bba
7134,1495,1495,1.0,0.20955985421923184,6928,1471,1456,1456,0,15,1471,0.9898028552005439,0.20970761918479044,,1.0,0.9898028552005439,1.6750116604071745,3.25,0,20,0,20,0,0.0,deepcenter,6bba_ae82a791,6bba
4978,795,795,1.0,0.1597026918441141,4845,768,765,762,3,6,771,0.9883268482490273,0.15708101422387136,,1.0,0.9883268482490273,1.6750116604071745,3.2752922102462856,1,7,0,7,1,0.0,deepcenter,6bba_aeee7805,6bba
7837,1350,1344,0.9955555555555555,0.17149419420696696,7626,1317,1292,1292,0,25,1317,0.9810174639331815,0.16886681479545157,,1.0,0.9810174639331815,1.7235727791422095,3.5648292823780494,0,25,0,25,0,0.0,deepcenter,6bba_af149c94,6bba
5751,654,633,0.9678899082568807,0.11006781429316641,5457,626,595,591,4,35,630,0.9380952380952381,0.10761107064821558,,1.0,0.9380952380952381,1.6750116604071745,3.5648292823780494,4,14,0,14,4,0.0,deepcenter,6bba_afb141ff,6bba
23435,612,609,0.9950980392156863,0.02598677192233838,22742,579,554,554,0,25,579,0.9568221070811744,0.024333465102999954,,1.0,0.9568221070811744,1.6750116604071745,3.374565944310468,0,84,0,84,0,0.0,deepcenter,6bba_b1ae37b9,6bba
5136,826,826,1.0,0.16082554517133957,4992,811,806,806,0,5,811,0.9938347718865598,0.1612967780668401,,1.0,0.9938347718865598,1.625,3.2941160039740907,2,16,0,16,2,0.0,deepcenter,6bba_b204cac7,6bba
67200,1316,1299,0.9870820668693009,0.019330357142857142,65218,1268,1173,1173,0,95,1268,0.9250788643533123,0.01795967112213495,,1.0,0.9250788643533123,1.7235727791422095,4.0827619710803615,1,267,0,267,1,0.0,deepcenter,6bba_b329af44,6bba
6066,983,976,0.9928789420142421,0.16089680184635674,5777,935,906,905,1,30,936,0.9668803418803419,0.15584639228517308,,1.0,0.9668803418803419,1.6750116604071745,3.494694639736067,0,5,0,5,0,0.0,deepcenter,6bba_b693381b,6bba
23699,1925,1913,0.9937662337662337,0.08072070551500063,23097,1879,1803,1802,1,77,1880,0.9585106382978723,0.07775955812548546,,1.0,0.9585106382978723,1.6750116604071745,3.494694639736067,3,55,0,55,3,0.0,deepcenter,6bba_bb9f20c3,6bba
7022,892,891,0.9988789237668162,0.12688692680148106,6680,861,844,844,0,17,861,0.9802555168408827,0.1260265790652531,,1.0,0.9802555168408827,1.6750116604071745,3.494694639736067,0,28,0,28,0,0.0,deepcenter,6bba_bbb708ca,6bba
6503,517,509,0.9845261121856866,0.07827156696909118,6300,493,481,481,0,12,493,0.9756592292089249,0.07620405576679341,,1.0,0.9756592292089249,1.7235727791422095,4.136993044356004,0,11,0,11,0,0.0,deepcenter,6bba_c27cba08,6bba
27968,511,508,0.9941291585127201,0.018163615560640733,27031,500,472,471,1,29,501,0.9401197604790419,0.017405764966740577,,1.0,0.9401197604790419,1.7235727791422095,3.794330605936761,2,66,0,66,2,0.0,deepcenter,6bba_c328f2fd,6bba
27709,737,725,0.9837177747625508,0.026164784005196867,26447,710,596,591,5,119,715,0.8265734265734266,0.02224648046375066,,1.0,0.8265734265734266,2.0714766773970688,5.462510954330102,0,110,0,110,0,0.0,deepcenter,6bba_c73a1d11,6bba
27630,1419,1412,0.9950669485553206,0.05110387260224394,26602,1348,1317,1314,3,34,1351,0.9726128793486306,0.0493317314912149,,1.0,0.9726128793486306,1.284675299443404,2.6012692214570947,4,28,0,28,4,0.0,deepcenter,6bba_cdcfe533,6bba
35025,842,839,0.996437054631829,0.023954318344039972,33905,817,812,812,0,5,817,0.9938800489596084,0.02394573872014155,,1.0,0.9938800489596084,1.6750116604071745,3.350023320814349,0,36,0,36,0,0.0,deepcenter,6bba_cf35214c,6bba
45821,1571,1564,0.9955442393380013,0.034132821195521704,44431,1501,1454,1453,1,48,1502,0.9673768308921438,0.032667101328716926,,1.0,0.9673768308921438,1.6750116604071745,3.300390601883359,0,60,0,60,0,0.0,deepcenter,6bba_cff5865f,6bba
5738,835,835,1.0,0.14552108748692924,5575,813,803,802,1,11,814,0.9852579852579852,0.1435732187611887,,1.0,0.9852579852579852,1.6750116604071745,3.374565944310468,0,15,0,15,0,0.0,deepcenter,6bba_d0fc38b5,6bba
17150,681,675,0.9911894273127754,0.03935860058309038,16386,643,597,596,1,47,644,0.9254658385093167,0.036268484147751474,,1.0,0.9254658385093167,1.8168052317185792,4.89189779763437,1,68,0,68,1,0.0,deepcenter,6bba_d1acb6ff,6bba
18520,944,942,0.9978813559322034,0.05086393088552916,17893,921,915,915,0,6,921,0.993485342019544,0.051120174311414045,,1.0,0.993485342019544,1.7235727791422095,3.374565944310468,2,25,0,25,2,0.0,deepcenter,6bba_d2b9fc0c,6bba
15732,887,877,0.9887260428410372,0.05574624968217646,15101,857,802,802,0,55,857,0.9358226371061844,0.05291633676431776,,1.0,0.9358226371061844,1.6750116604071745,3.300390601883359,1,14,0,14,1,0.0,deepcenter,6bba_d3da753b,6bba
4045,528,528,1.0,0.13053152039555005,3952,519,519,519,0,0,519,1.0,0.1313259109311741,,1.0,1.0,1.6750116604071745,2.5439499939471077,0,1,0,1,0,0.0,deepcenter,6bba_d5eae175,6bba
6435,886,873,0.9853273137697517,0.13566433566433567,6171,862,838,837,1,25,863,0.9698725376593279,0.13508715300193674,,1.0,0.9698725376593279,1.8168052317185792,3.6336104634371584,0,23,0,23,0,0.0,deepcenter,6bba_d6ecebbb,6bba
28616,545,545,1.0,0.01904528934861616,27782,530,512,512,0,18,530,0.9660377358490566,0.01841726618705036,,1.0,0.9660377358490566,1.7235727791422095,3.6742501698946595,0,106,0,106,0,0.0,deepcenter,6bba_d82a4fc6,6bba
11810,766,753,0.9830287206266318,0.06375952582557155,11208,729,689,686,3,43,732,0.9371584699453552,0.0609723580126211,,1.0,0.9371584699453552,1.7235727791422095,3.494694639736067,4,20,0,20,4,0.0,deepcenter,6bba_debd7bfa,6bba
21735,668,664,0.9940119760479041,0.03054980446284794,21122,654,638,638,0,16,654,0.9755351681957186,0.030182609518402875,,1.0,0.9755351681957186,1.6750116604071745,3.374565944310468,4,87,0,87,4,0.0,deepcenter,6bba_df673a83,6bba
5926,964,958,0.9937759336099585,0.16166047924400945,5751,942,924,923,1,19,943,0.9787910922587487,0.15996533795493934,,1.0,0.9787910922587487,1.6750116604071745,3.374565944310468,1,16,0,16,1,0.0,deepcenter,6bba_e16ffc58,6bba
5164,666,626,0.93993993993994,0.12122385747482571,4871,634,578,577,1,57,635,0.9086614173228347,0.11708603896103896,,1.0,0.9086614173228347,1.8168052317185792,3.5648292823780494,0,4,0,4,0,0.0,deepcenter,6bba_e5e44988,6bba
57360,847,833,0.9834710743801653,0.01452231520223152,55634,803,745,744,1,59,804,0.9253731343283582,0.013358949957804392,,1.0,0.9253731343283582,1.6750116604071745,3.6652500849473295,2,179,0,179,2,0.0,deepcenter,6bba_ebdf3b34,6bba
52707,1318,1283,0.9734446130500759,0.024342117745271025,50658,1264,1080,1079,1,185,1265,0.8529644268774703,0.021222193812324215,,1.0,0.8529644268774703,2.333728575156074,5.447379228245292,0,212,0,212,0,0.0,deepcenter,6bba_ebff6e76,6bba
4200,531,526,0.9905838041431262,0.12523809523809523,4094,508,502,501,1,7,509,0.9842829076620825,0.12216532553035844,,1.0,0.9842829076620825,1.7235727791422095,3.494694639736067,0,8,0,8,0,0.0,deepcenter,6bba_ed9377fd,6bba
49012,801,799,0.9975031210986267,0.01630213009059006,47423,760,733,732,1,28,761,0.961892247043364,0.01542643990642979,,1.0,0.961892247043364,1.7235727791422095,3.571707400483954,0,167,0,167,0,0.0,deepcenter,6bba_edf14583,6bba
8886,1026,1006,0.9805068226120858,0.11321179383299572,8547,989,921,920,1,69,990,0.9292929292929293,0.10677808727948004,,1.0,0.9292929292929293,1.7235727791422095,4.631962664465248,0,23,0,23,0,0.0,deepcenter,6bba_eebc57a5,6bba
5860,1234,1230,0.9967585089141004,0.2098976109215017,5700,1201,1182,1182,0,19,1201,0.984179850124896,0.2066794894212275,,1.0,0.984179850124896,1.6750116604071745,3.494694639736067,2,18,0,18,2,0.0,deepcenter,6bba_ef7b4f7e,6bba
27002,1078,1060,0.9833024118738405,0.03925635138137916,25948,1015,905,905,0,110,1015,0.8916256157635468,0.03473021720776729,,1.0,0.8916256157635468,1.86167137607581,4.755900468071666,0,92,0,92,0,0.0,deepcenter,6bba_f17befbc,6bba
8547,476,454,0.9537815126050421,0.05311805311805312,8049,446,396,396,0,50,446,0.8878923766816144,0.04889492529941968,,1.0,0.8878923766816144,1.8168052317185792,4.318496736423452,0,8,0,8,0,0.0,deepcenter,6bba_f1fde7e0,6bba
4981,1003,967,0.9641076769690927,0.19413772334872514,4739,963,904,903,1,60,964,0.9367219917012448,0.18816420087518232,,1.0,0.9367219917012448,1.7235727791422095,3.672000148657826,1,5,0,5,1,0.0,deepcenter,6bba_f20478e9,6bba
9309,1001,1001,1.0,0.10753034697604469,8929,965,947,946,1,19,966,0.979296066252588,0.10572194903889137,,1.0,0.979296066252588,1.6750116604071745,3.374565944310468,0,20,0,20,0,0.0,deepcenter,6bba_f4ae811c,6bba
31792,389,374,0.961439588688946,0.011763965777554102,30547,370,340,339,1,31,371,0.9137466307277629,0.011086401988357643,,1.0,0.9137466307277629,1.699292219774692,3.7310767664198843,2,99,0,99,2,0.0,deepcenter,6bba_f8ffd5e7,6bba
5082,655,655,1.0,0.12888626524990163,4935,639,633,633,0,6,639,0.9906103286384976,0.1281117182756527,,1.0,0.9906103286384976,1.625,2.8896880323935896,0,12,0,12,0,0.0,deepcenter,6bba_fbc898dc,6bba
6698,788,775,0.983502538071066,0.11570618094953718,6364,762,726,725,1,37,763,0.9501965923984272,0.11326355256991096,,1.0,0.9501965923984272,1.6750116604071745,3.65625,0,2,0,2,0,0.0,deepcenter,6bba_fc516dc6,6bba
18389,471,470,0.9978768577494692,0.02555875795312415,17814,458,446,446,0,12,458,0.9737991266375546,0.025019634242118255,,1.0,0.9737991266375546,1.7235727791422095,3.6336104634371584,2,59,0,59,2,0.0,deepcenter,6bba_fc5f39dc,6bba
13776,957,920,0.9613375130616509,0.06678281068524972,13127,923,827,823,4,100,927,0.8878101402373247,0.0622212141831103,,1.0,0.8878101402373247,1.9902104160113323,5.343384490423649,0,56,0,56,0,0.0,deepcenter,6bba_fc83837d,6bba
9957,716,709,0.9902234636871509,0.07120618660239028,9509,680,667,667,0,13,680,0.9808823529411764,0.07004830917874397,,1.0,0.9808823529411764,1.7235727791422095,3.447145558284419,2,27,0,27,2,0.0,deepcenter,6bba_fe670320,6bba
